{"offline_id": "4cd73ea116ad49a9988a0d2302b534e9", "project_name": "yolov5", "start_time": 1741336655180, "stop_time": 1741336668921, "tags": [], "workspace": null, "resume_strategy": "create", "customer_error_reported": true, "customer_error_message": "Unexpected error detected in the user script: Exception('\\x1b[34m\\x1b[1mtrain: \\x1b[0mError loading data from C:\\\\Dev\\\\yolov5\\\\train\\\\images: \\x1b[34m\\x1b[1mtrain: \\x1b[0mC:\\\\Dev\\\\yolov5\\\\train\\\\images does not exist\\nSee https://docs.ultralytics.com/yolov5/tutorials/train_custom_data')", "user_provided_experiment_key": false, "comet_start_sourced": false}