{"payload":{"installed_packages":["anyio==4.8.0","argon2-cffi==23.1.0","argon2-cffi-bindings==21.2.0","arrow==1.3.0","asttokens==3.0.0","async-lru==2.0.4","attrs==25.1.0","autocommand==2.2.2","babel==2.17.0","backports.tarfile==1.2.0","beautifulsoup4==4.13.3","bleach==6.2.0","certifi==2025.1.31","cffi==1.17.1","charset-normalizer==3.4.1","click==8.1.8","colorama==0.4.6","comet_ml==3.49.1","comm==0.2.2","configobj==5.0.9","contourpy==1.3.1","cycler==0.12.1","debugpy==1.8.12","decorator==5.1.1","defusedxml==0.7.1","dulwich==0.22.7","everett==3.1.0","executing==2.2.0","fastjsonschema==2.21.1","filelock==3.17.0","fonttools==4.55.8","fqdn==1.5.1","fsspec==2025.2.0","gitdb==4.0.12","gitpython==3.1.44","h11==0.14.0","httpcore==1.0.7","httpx==0.28.1","idna==3.10","importlib_metadata==8.0.0","inflect==7.3.1","ipykernel==6.29.5","ipython==8.32.0","isoduration==20.11.0","jaraco.collections==5.1.0","jaraco.context==5.3.0","jaraco.functools==4.0.1","jaraco.text==3.12.1","jedi==0.19.2","jinja2==3.1.5","joblib==1.4.2","json5==0.10.0","jsonpointer==3.0.0","jsonschema==4.23.0","jsonschema-specifications==2024.10.1","jupyter-events==0.12.0","jupyter-lsp==2.2.5","jupyter_client==8.6.3","jupyter_core==5.7.2","jupyter_server==2.15.0","jupyter_server_terminals==0.5.3","jupyterlab==4.3.5","jupyterlab_pygments==0.3.0","jupyterlab_server==2.27.3","kiwisolver==1.4.8","markdown-it-py==3.0.0","markupsafe==3.0.2","matplotlib==3.10.0","matplotlib-inline==0.1.7","mdurl==0.1.2","mistune==3.1.2","more-itertools==10.3.0","mpmath==1.3.0","nbclient==0.10.2","nbconvert==7.16.6","nbformat==5.10.4","nest-asyncio==1.6.0","networkx==3.4.2","nltk==3.9.1","notebook_shim==0.2.4","numpy==2.1.1","opencv-python==4.11.0.86","overrides==7.7.0","packaging==24.2","packaging==24.2","pandas==2.2.3","pandocfilters==1.5.1","parso==0.8.4","pillow==11.1.0","pip==25.0.1","platformdirs==4.2.2","platformdirs==4.3.6","prometheus_client==0.21.1","prompt_toolkit==3.0.50","psutil==7.0.0","pure_eval==0.2.3","py-cpuinfo==9.0.0","pycparser==2.22","pygments==2.19.1","pyparsing==3.2.1","python-box==6.1.0","python-dateutil==2.9.0.post0","python-json-logger==3.2.1","pytz==2025.1","pywin32==308","pywinpty==2.0.15","pyyaml==5.3.1","pyzmq==26.2.1","referencing==0.36.2","regex==2024.11.6","requests==2.32.3","requests-toolbelt==1.0.0","rfc3339-validator==0.1.4","rfc3986-validator==0.1.1","rich==13.9.4","rpds-py==0.22.3","scikit-learn==1.6.1","scipy==1.15.1","seaborn==0.13.2","semantic-version==2.10.0","send2trash==1.8.3","sentry-sdk==2.22.0","setuptools==75.8.0","simplejson==3.20.1","six==1.17.0","smmap==5.0.2","sniffio==1.3.1","soupsieve==2.6","stack-data==0.6.3","sympy==1.13.1","terminado==0.18.1","textblob==0.19.0","thop==0.1.1-2209072238","threadpoolctl==3.5.0","tinycss2==1.4.0","tomli==2.0.1","torch==2.6.0","torchaudio==2.6.0","torchvision==0.21.0","tornado==6.4.2","tqdm==4.67.1","traitlets==5.14.3","typeguard==4.3.0","types-python-dateutil==2.9.0.20241206","typing_extensions==4.12.2","typing_extensions==4.12.2","tzdata==2025.1","ultralytics==8.3.75","ultralytics-thop==2.0.14","uri-template==1.3.0","urllib3==2.3.0","wcwidth==0.2.13","webcolors==24.11.1","webencodings==0.5.1","websocket-client==1.8.0","wheel==0.43.0","wheel==0.45.1","wrapt==1.17.2","wurlitzer==3.1.1","zipp==3.19.2"],"message_id":1},"type":"installed_packages"}
{"payload":{"command":["train.py","--img","640","--batch","8","--epochs","50","--data","data/data.yaml","--weights","yolov5s.pt","--cache"],"env":null,"hostname":"DESKTOP-KVT5566","ip":"192.168.29.38","machine":"AMD64","message_id":2,"os":"Windows-10-10.0.19045-SP0","os_release":"10","os_type":"Windows","pid":8912,"processor":"Intel64 Family 6 Model 142 Stepping 9, GenuineIntel","python_exe":"C:\\Users\\Anii\\AppData\\Local\\Programs\\Python\\Python313\\python.exe","python_version":"3.13.1","python_version_verbose":"3.13.1 (tags/v3.13.1:0671451, Dec  3 2024, 19:06:28) [MSC v.1942 64 bit (AMD64)]","user":"Anii"},"type":"system_details"}
{"payload":{"local_timestamp":1741336478177,"message_id":3,"param":{"paramName":"img","paramValue":640,"source":"cli","step":null}},"type":"parameter_msg"}
{"payload":{"local_timestamp":1741336478178,"message_id":4,"param":{"paramName":"batch","paramValue":8,"source":"cli","step":null}},"type":"parameter_msg"}
{"payload":{"local_timestamp":1741336478178,"message_id":5,"param":{"paramName":"epochs","paramValue":50,"source":"cli","step":null}},"type":"parameter_msg"}
{"payload":{"local_timestamp":1741336478178,"message_id":6,"param":{"paramName":"data","paramValue":"data/data.yaml","source":"cli","step":null}},"type":"parameter_msg"}
{"payload":{"local_timestamp":1741336478178,"message_id":7,"param":{"paramName":"weights","paramValue":"yolov5s.pt","source":"cli","step":null}},"type":"parameter_msg"}
{"payload":{"local_timestamp":1741336478178,"message_id":8,"param":{"paramName":"cache","paramValue":true,"source":"cli","step":null}},"type":"parameter_msg"}
{"payload":{"local_timestamp":1741336478178,"message_id":9,"metric":{"epoch":null,"metricName":"sys.cpu.percent.avg","metricValue":0.0,"step":null}},"type":"metric_msg"}
{"payload":{"local_timestamp":1741336478179,"message_id":10,"metric":{"epoch":null,"metricName":"sys.ram.total","metricValue":12711636992,"step":null}},"type":"metric_msg"}
{"payload":{"local_timestamp":1741336478179,"message_id":11,"metric":{"epoch":null,"metricName":"sys.ram.used","metricValue":9706606592,"step":null}},"type":"metric_msg"}
{"payload":{"local_timestamp":1741336478179,"message_id":12,"metric":{"epoch":null,"metricName":"sys.ram.available","metricValue":3005030400,"step":null}},"type":"metric_msg"}
{"payload":{"local_timestamp":1741336478179,"message_id":13,"metric":{"epoch":null,"metricName":"sys.ram.percent.used","metricValue":76.4,"step":null}},"type":"metric_msg"}
{"payload":{"local_timestamp":1741336478179,"message_id":14,"metric":{"epoch":null,"metricName":"sys.load.avg","metricValue":0.0,"step":null}},"type":"metric_msg"}
{"payload":{"key":"offline_experiment","message_id":15,"value":true},"type":"log_other"}
{"payload":{"key":"Name","message_id":16,"value":"exp"},"type":"log_other"}
{"payload":{"additional_params":{"assetId":"300aaf40af4741ee85ebb0a591f77617","context":null,"extension":"yaml","fileName":"data.yaml","overwrite":false,"runId":null,"step":null},"clean":true,"file_path":"tmpf2p561zm","local_timestamp":1741336478189,"message_id":17,"metadata":{"type":"data-config-file"},"upload_type":"asset"},"type":"file_upload"}
{"payload":{"local_timestamp":1741336478210,"message_id":18,"output":"\nDataset not found , missing paths ['C:\\\\Dev\\\\yolov5\\\\valid\\\\images']\n","stderr":true},"type":"standard_output"}
{"payload":{"local_timestamp":1741336478215,"message_id":19,"output":"Traceback (most recent call last):\n","stderr":true},"type":"standard_output"}
{"payload":{"local_timestamp":1741336478228,"message_id":20,"output":"  File \u001b[35m\"C:\\Dev\\yolov5\\train.py\"\u001b[0m, line \u001b[35m986\u001b[0m, in \u001b[35m<module>\u001b[0m\n    \u001b[31mmain\u001b[0m\u001b[1;31m(opt)\u001b[0m\n    \u001b[31m~~~~\u001b[0m\u001b[1;31m^^^^^\u001b[0m\n","stderr":true},"type":"standard_output"}
{"payload":{"local_timestamp":1741336478231,"message_id":21,"output":"  File \u001b[35m\"C:\\Dev\\yolov5\\train.py\"\u001b[0m, line \u001b[35m688\u001b[0m, in \u001b[35mmain\u001b[0m\n    \u001b[31mtrain\u001b[0m\u001b[1;31m(opt.hyp, opt, device, callbacks)\u001b[0m\n    \u001b[31m~~~~~\u001b[0m\u001b[1;31m^^^^^^^^^^^^^^^^^^^^^^^^^^^^^^^^^\u001b[0m\n","stderr":true},"type":"standard_output"}
{"payload":{"local_timestamp":1741336478234,"message_id":22,"output":"  File \u001b[35m\"C:\\Dev\\yolov5\\train.py\"\u001b[0m, line \u001b[35m180\u001b[0m, in \u001b[35mtrain\u001b[0m\n    loggers = Loggers(\n        save_dir=save_dir,\n    ...<4 lines>...\n        include=tuple(include_loggers),\n    )\n","stderr":true},"type":"standard_output"}
{"payload":{"local_timestamp":1741336478237,"message_id":23,"output":"  File \u001b[35m\"C:\\Dev\\yolov5\\utils\\loggers\\__init__.py\"\u001b[0m, line \u001b[35m153\u001b[0m, in \u001b[35m__init__\u001b[0m\n    self.comet_logger = \u001b[31mCometLogger\u001b[0m\u001b[1;31m(self.opt, self.hyp)\u001b[0m\n                        \u001b[31m~~~~~~~~~~~\u001b[0m\u001b[1;31m^^^^^^^^^^^^^^^^^^^^\u001b[0m\n","stderr":true},"type":"standard_output"}
{"payload":{"local_timestamp":1741336478241,"message_id":24,"output":"  File \u001b[35m\"C:\\Dev\\yolov5\\utils\\loggers\\comet\\__init__.py\"\u001b[0m, line \u001b[35m100\u001b[0m, in \u001b[35m__init__\u001b[0m\n    self.data_dict = \u001b[31mself.check_dataset\u001b[0m\u001b[1;31m(self.opt.data)\u001b[0m\n                     \u001b[31m~~~~~~~~~~~~~~~~~~\u001b[0m\u001b[1;31m^^^^^^^^^^^^^^^\u001b[0m\n","stderr":true},"type":"standard_output"}
{"payload":{"local_timestamp":1741336478242,"message_id":25,"output":"  File \u001b[35m\"C:\\Dev\\yolov5\\utils\\loggers\\comet\\__init__.py\"\u001b[0m, line \u001b[35m258\u001b[0m, in \u001b[35mcheck_dataset\u001b[0m\n    return check_dataset(data_file)\n","stderr":true},"type":"standard_output"}
{"payload":{"local_timestamp":1741336478243,"message_id":26,"output":"  File \u001b[35m\"C:\\Dev\\yolov5\\utils\\general.py\"\u001b[0m, line \u001b[35m564\u001b[0m, in \u001b[35mcheck_dataset\u001b[0m\n    raise Exception(\"Dataset not found \u274c\")\n","stderr":true},"type":"standard_output"}
{"payload":{"local_timestamp":1741336478244,"message_id":27,"output":"\u001b[1;35mException\u001b[0m: \u001b[35mDataset not found \u274c\u001b[0m\n","stderr":true},"type":"standard_output"}
{"payload":{"local_timestamp":1741336478245,"message_id":28,"output":"\u001b[1;38;5;39mCOMET INFO:\u001b[0m The process of logging environment details (conda environment, git patch) is underway. Please be patient as this may take some time.\n","stderr":true},"type":"standard_output"}
{"payload":{"git_metadata":{"branch":"refs/heads/master","origin":"https://github.com/ultralytics/yolov5","parent":"5cdad8922c83b0ed49a0173cd1a8b0739acbb336","repo_name":"yolov5","root":"1e84a23f38fad9e52b59101e9f1246d93066ed1e","status":null,"user":"aniruddh-pd2"},"message_id":29},"type":"git_metadata"}
{"payload":{"local_timestamp":1741336479031,"message_id":30,"output":"\u001b[1;38;5;39mCOMET INFO:\u001b[0m ---------------------------------------------------------------------------------------\n","stderr":true},"type":"standard_output"}
{"payload":{"local_timestamp":1741336479032,"message_id":31,"output":"\u001b[1;38;5;39mCOMET INFO:\u001b[0m Comet.ml OfflineExperiment Summary\n","stderr":true},"type":"standard_output"}
{"payload":{"local_timestamp":1741336479032,"message_id":32,"output":"\u001b[1;38;5;39mCOMET INFO:\u001b[0m ---------------------------------------------------------------------------------------\n","stderr":true},"type":"standard_output"}
{"payload":{"local_timestamp":1741336479033,"message_id":33,"output":"\u001b[1;38;5;39mCOMET INFO:\u001b[0m   Data:\n","stderr":true},"type":"standard_output"}
{"payload":{"local_timestamp":1741336479034,"message_id":34,"output":"\u001b[1;38;5;39mCOMET INFO:\u001b[0m     display_summary_level : 1\n","stderr":true},"type":"standard_output"}
{"payload":{"local_timestamp":1741336479034,"message_id":35,"output":"\u001b[1;38;5;39mCOMET INFO:\u001b[0m     name                  : exp\n","stderr":true},"type":"standard_output"}
{"payload":{"local_timestamp":1741336479035,"message_id":36,"output":"\u001b[1;38;5;39mCOMET INFO:\u001b[0m     url                   : [OfflineExperiment will get URL after upload]\n","stderr":true},"type":"standard_output"}
{"payload":{"local_timestamp":1741336479035,"message_id":37,"output":"\u001b[1;38;5;39mCOMET INFO:\u001b[0m   Others:\n","stderr":true},"type":"standard_output"}
{"payload":{"local_timestamp":1741336479036,"message_id":38,"output":"\u001b[1;38;5;39mCOMET INFO:\u001b[0m     Name               : exp\n","stderr":true},"type":"standard_output"}
{"payload":{"local_timestamp":1741336479037,"message_id":39,"output":"\u001b[1;38;5;39mCOMET INFO:\u001b[0m     offline_experiment : True\n","stderr":true},"type":"standard_output"}
{"payload":{"local_timestamp":1741336479038,"message_id":40,"output":"\u001b[1;38;5;39mCOMET INFO:\u001b[0m   Uploads:\n","stderr":true},"type":"standard_output"}
{"payload":{"local_timestamp":1741336479039,"message_id":41,"output":"\u001b[1;38;5;39mCOMET INFO:\u001b[0m     asset               : 1 (627 bytes)\n","stderr":true},"type":"standard_output"}
{"payload":{"local_timestamp":1741336479040,"message_id":42,"output":"\u001b[1;38;5;39mCOMET INFO:\u001b[0m     environment details : 1\n","stderr":true},"type":"standard_output"}
{"payload":{"local_timestamp":1741336479041,"message_id":43,"output":"\u001b[1;38;5;39mCOMET INFO:\u001b[0m     git metadata        : 1\n","stderr":true},"type":"standard_output"}
{"payload":{"local_timestamp":1741336479042,"message_id":44,"output":"\u001b[1;38;5;39mCOMET INFO:\u001b[0m     installed packages  : 1\n","stderr":true},"type":"standard_output"}
{"payload":{"local_timestamp":1741336479044,"message_id":45,"output":"\u001b[1;38;5;39mCOMET INFO:\u001b[0m \n","stderr":true},"type":"standard_output"}
