{"offline_id": "5ba35138e2d049a5978dae4dfb702b7e", "project_name": "yolov5", "start_time": 1741336721114, "stop_time": 1741336860796, "tags": [], "workspace": null, "resume_strategy": "create", "customer_error_reported": true, "customer_error_message": "Unexpected error detected in the user script: Exception('\\x1b[34m\\x1b[1mval: \\x1b[0mError loading data from C:\\\\Dev\\\\yolov5\\\\valid\\\\images: \\x1b[34m\\x1b[1mval: \\x1b[0mNo images found\\nSee https://docs.ultralytics.com/yolov5/tutorials/train_custom_data')", "user_provided_experiment_key": false, "comet_start_sourced": false}