{"payload":{"installed_packages":["anyio==4.8.0","argon2-cffi==23.1.0","argon2-cffi-bindings==21.2.0","arrow==1.3.0","asttokens==3.0.0","async-lru==2.0.4","attrs==25.1.0","autocommand==2.2.2","babel==2.17.0","backports.tarfile==1.2.0","beautifulsoup4==4.13.3","bleach==6.2.0","certifi==2025.1.31","cffi==1.17.1","charset-normalizer==3.4.1","click==8.1.8","colorama==0.4.6","comet_ml==3.49.1","comm==0.2.2","configobj==5.0.9","contourpy==1.3.1","cycler==0.12.1","debugpy==1.8.12","decorator==5.1.1","defusedxml==0.7.1","dulwich==0.22.7","everett==3.1.0","executing==2.2.0","fastjsonschema==2.21.1","filelock==3.17.0","fonttools==4.55.8","fqdn==1.5.1","fsspec==2025.2.0","gitdb==4.0.12","gitpython==3.1.44","h11==0.14.0","httpcore==1.0.7","httpx==0.28.1","idna==3.10","importlib_metadata==8.0.0","inflect==7.3.1","ipykernel==6.29.5","ipython==8.32.0","isoduration==20.11.0","jaraco.collections==5.1.0","jaraco.context==5.3.0","jaraco.functools==4.0.1","jaraco.text==3.12.1","jedi==0.19.2","jinja2==3.1.5","joblib==1.4.2","json5==0.10.0","jsonpointer==3.0.0","jsonschema==4.23.0","jsonschema-specifications==2024.10.1","jupyter-events==0.12.0","jupyter-lsp==2.2.5","jupyter_client==8.6.3","jupyter_core==5.7.2","jupyter_server==2.15.0","jupyter_server_terminals==0.5.3","jupyterlab==4.3.5","jupyterlab_pygments==0.3.0","jupyterlab_server==2.27.3","kiwisolver==1.4.8","markdown-it-py==3.0.0","markupsafe==3.0.2","matplotlib==3.10.0","matplotlib-inline==0.1.7","mdurl==0.1.2","mistune==3.1.2","more-itertools==10.3.0","mpmath==1.3.0","nbclient==0.10.2","nbconvert==7.16.6","nbformat==5.10.4","nest-asyncio==1.6.0","networkx==3.4.2","nltk==3.9.1","notebook_shim==0.2.4","numpy==2.1.1","opencv-python==4.11.0.86","overrides==7.7.0","packaging==24.2","packaging==24.2","pandas==2.2.3","pandocfilters==1.5.1","parso==0.8.4","pillow==11.1.0","pip==25.0.1","platformdirs==4.2.2","platformdirs==4.3.6","prometheus_client==0.21.1","prompt_toolkit==3.0.50","psutil==7.0.0","pure_eval==0.2.3","py-cpuinfo==9.0.0","pycparser==2.22","pygments==2.19.1","pyparsing==3.2.1","python-box==6.1.0","python-dateutil==2.9.0.post0","python-json-logger==3.2.1","pytz==2025.1","pywin32==308","pywinpty==2.0.15","pyyaml==5.3.1","pyzmq==26.2.1","referencing==0.36.2","regex==2024.11.6","requests==2.32.3","requests-toolbelt==1.0.0","rfc3339-validator==0.1.4","rfc3986-validator==0.1.1","rich==13.9.4","rpds-py==0.22.3","scikit-learn==1.6.1","scipy==1.15.1","seaborn==0.13.2","semantic-version==2.10.0","send2trash==1.8.3","sentry-sdk==2.22.0","setuptools==75.8.0","simplejson==3.20.1","six==1.17.0","smmap==5.0.2","sniffio==1.3.1","soupsieve==2.6","stack-data==0.6.3","sympy==1.13.1","terminado==0.18.1","textblob==0.19.0","thop==0.1.1-2209072238","threadpoolctl==3.5.0","tinycss2==1.4.0","tomli==2.0.1","torch==2.6.0","torchaudio==2.6.0","torchvision==0.21.0","tornado==6.4.2","tqdm==4.67.1","traitlets==5.14.3","typeguard==4.3.0","types-python-dateutil==2.9.0.20241206","typing_extensions==4.12.2","typing_extensions==4.12.2","tzdata==2025.1","ultralytics==8.3.75","ultralytics-thop==2.0.14","uri-template==1.3.0","urllib3==2.3.0","wcwidth==0.2.13","webcolors==24.11.1","webencodings==0.5.1","websocket-client==1.8.0","wheel==0.43.0","wheel==0.45.1","wrapt==1.17.2","wurlitzer==3.1.1","zipp==3.19.2"],"message_id":1},"type":"installed_packages"}
{"payload":{"command":["train.py","--img","640","--batch","8","--epochs","50","--data","data/data.yaml","--weights","yolov5s.pt","--cache"],"env":null,"hostname":"DESKTOP-KVT5566","ip":"192.168.29.38","machine":"AMD64","message_id":2,"os":"Windows-10-10.0.19045-SP0","os_release":"10","os_type":"Windows","pid":15352,"processor":"Intel64 Family 6 Model 142 Stepping 9, GenuineIntel","python_exe":"C:\\Users\\Anii\\AppData\\Local\\Programs\\Python\\Python313\\python.exe","python_version":"3.13.1","python_version_verbose":"3.13.1 (tags/v3.13.1:0671451, Dec  3 2024, 19:06:28) [MSC v.1942 64 bit (AMD64)]","user":"Anii"},"type":"system_details"}
{"payload":{"local_timestamp":1741336725180,"message_id":3,"param":{"paramName":"img","paramValue":640,"source":"cli","step":null}},"type":"parameter_msg"}
{"payload":{"local_timestamp":1741336725181,"message_id":4,"param":{"paramName":"batch","paramValue":8,"source":"cli","step":null}},"type":"parameter_msg"}
{"payload":{"local_timestamp":1741336725181,"message_id":5,"param":{"paramName":"epochs","paramValue":50,"source":"cli","step":null}},"type":"parameter_msg"}
{"payload":{"local_timestamp":1741336725181,"message_id":6,"param":{"paramName":"data","paramValue":"data/data.yaml","source":"cli","step":null}},"type":"parameter_msg"}
{"payload":{"local_timestamp":1741336725181,"message_id":7,"param":{"paramName":"weights","paramValue":"yolov5s.pt","source":"cli","step":null}},"type":"parameter_msg"}
{"payload":{"local_timestamp":1741336725181,"message_id":8,"param":{"paramName":"cache","paramValue":true,"source":"cli","step":null}},"type":"parameter_msg"}
{"payload":{"local_timestamp":1741336725181,"message_id":9,"metric":{"epoch":null,"metricName":"sys.cpu.percent.avg","metricValue":0.0,"step":null}},"type":"metric_msg"}
{"payload":{"local_timestamp":1741336725182,"message_id":10,"metric":{"epoch":null,"metricName":"sys.ram.total","metricValue":12711636992,"step":null}},"type":"metric_msg"}
{"payload":{"local_timestamp":1741336725182,"message_id":11,"metric":{"epoch":null,"metricName":"sys.ram.used","metricValue":7666249728,"step":null}},"type":"metric_msg"}
{"payload":{"local_timestamp":1741336725182,"message_id":12,"metric":{"epoch":null,"metricName":"sys.ram.available","metricValue":5045387264,"step":null}},"type":"metric_msg"}
{"payload":{"local_timestamp":1741336725182,"message_id":13,"metric":{"epoch":null,"metricName":"sys.ram.percent.used","metricValue":60.3,"step":null}},"type":"metric_msg"}
{"payload":{"local_timestamp":1741336725182,"message_id":14,"metric":{"epoch":null,"metricName":"sys.load.avg","metricValue":0.0,"step":null}},"type":"metric_msg"}
{"payload":{"key":"offline_experiment","message_id":15,"value":true},"type":"log_other"}
{"payload":{"key":"Name","message_id":16,"value":"exp"},"type":"log_other"}
{"payload":{"additional_params":{"assetId":"1b89146221b34a668e24b4264881093d","context":null,"extension":"yaml","fileName":"data.yaml","overwrite":false,"runId":null,"step":null},"clean":true,"file_path":"tmpkwtfj_n7","local_timestamp":1741336725365,"message_id":17,"metadata":{"type":"data-config-file"},"upload_type":"asset"},"type":"file_upload"}
{"payload":{"key":"Created from","message_id":18,"value":"YOLOv5"},"type":"log_other"}
{"payload":{"key":"hasNestedParams","message_id":19,"value":true},"type":"log_other"}
{"payload":{"local_timestamp":1741336725385,"message_id":20,"param":{"paramName":"artifact_alias","paramValue":"latest","source":"manual","step":null}},"type":"parameter_msg"}
{"payload":{"local_timestamp":1741336725385,"message_id":21,"param":{"paramName":"batch_size","paramValue":8,"source":"manual","step":null}},"type":"parameter_msg"}
{"payload":{"local_timestamp":1741336725386,"message_id":22,"param":{"paramName":"bbox_interval","paramValue":-1,"source":"manual","step":null}},"type":"parameter_msg"}
{"payload":{"local_timestamp":1741336725386,"message_id":23,"param":{"paramName":"bucket","paramValue":"","source":"manual","step":null}},"type":"parameter_msg"}
{"payload":{"local_timestamp":1741336725386,"message_id":24,"param":{"paramName":"cache","paramValue":"ram","source":"manual","step":null}},"type":"parameter_msg"}
{"payload":{"local_timestamp":1741336725386,"message_id":25,"param":{"paramName":"cfg","paramValue":"","source":"manual","step":null}},"type":"parameter_msg"}
{"payload":{"local_timestamp":1741336725386,"message_id":26,"param":{"paramName":"cos_lr","paramValue":false,"source":"manual","step":null}},"type":"parameter_msg"}
{"payload":{"local_timestamp":1741336725386,"message_id":27,"param":{"paramName":"device","paramValue":"","source":"manual","step":null}},"type":"parameter_msg"}
{"payload":{"local_timestamp":1741336725386,"message_id":28,"param":{"paramName":"entity","paramValue":null,"source":"manual","step":null}},"type":"parameter_msg"}
{"payload":{"local_timestamp":1741336725387,"message_id":29,"param":{"paramName":"evolve","paramValue":null,"source":"manual","step":null}},"type":"parameter_msg"}
{"payload":{"local_timestamp":1741336725387,"message_id":30,"param":{"paramName":"evolve_population","paramValue":"data\\hyps","source":"manual","step":null}},"type":"parameter_msg"}
{"payload":{"local_timestamp":1741336725387,"message_id":31,"param":{"paramName":"exist_ok","paramValue":false,"source":"manual","step":null}},"type":"parameter_msg"}
{"payload":{"local_timestamp":1741336725387,"message_id":32,"params":{"paramName":"freeze","paramValue":[0],"source":"manual","step":null}},"type":"parameter_msg"}
{"payload":{"local_timestamp":1741336725387,"message_id":33,"param":{"paramName":"hyp|anchor_t","paramValue":4.0,"source":"manual","step":null}},"type":"parameter_msg"}
{"payload":{"local_timestamp":1741336725387,"message_id":34,"param":{"paramName":"hyp|box","paramValue":0.05,"source":"manual","step":null}},"type":"parameter_msg"}
{"payload":{"local_timestamp":1741336725387,"message_id":35,"param":{"paramName":"hyp|cls","paramValue":0.5,"source":"manual","step":null}},"type":"parameter_msg"}
{"payload":{"local_timestamp":1741336725387,"message_id":36,"param":{"paramName":"hyp|cls_pw","paramValue":1.0,"source":"manual","step":null}},"type":"parameter_msg"}
{"payload":{"local_timestamp":1741336725387,"message_id":37,"param":{"paramName":"hyp|copy_paste","paramValue":0.0,"source":"manual","step":null}},"type":"parameter_msg"}
{"payload":{"local_timestamp":1741336725387,"message_id":38,"param":{"paramName":"hyp|degrees","paramValue":0.0,"source":"manual","step":null}},"type":"parameter_msg"}
{"payload":{"local_timestamp":1741336725387,"message_id":39,"param":{"paramName":"hyp|fl_gamma","paramValue":0.0,"source":"manual","step":null}},"type":"parameter_msg"}
{"payload":{"local_timestamp":1741336725387,"message_id":40,"param":{"paramName":"hyp|fliplr","paramValue":0.5,"source":"manual","step":null}},"type":"parameter_msg"}
{"payload":{"local_timestamp":1741336725387,"message_id":41,"param":{"paramName":"hyp|flipud","paramValue":0.0,"source":"manual","step":null}},"type":"parameter_msg"}
{"payload":{"local_timestamp":1741336725387,"message_id":42,"param":{"paramName":"hyp|hsv_h","paramValue":0.015,"source":"manual","step":null}},"type":"parameter_msg"}
{"payload":{"local_timestamp":1741336725387,"message_id":43,"param":{"paramName":"hyp|hsv_s","paramValue":0.7,"source":"manual","step":null}},"type":"parameter_msg"}
{"payload":{"local_timestamp":1741336725387,"message_id":44,"param":{"paramName":"hyp|hsv_v","paramValue":0.4,"source":"manual","step":null}},"type":"parameter_msg"}
{"payload":{"local_timestamp":1741336725388,"message_id":45,"param":{"paramName":"hyp|iou_t","paramValue":0.2,"source":"manual","step":null}},"type":"parameter_msg"}
{"payload":{"local_timestamp":1741336725388,"message_id":46,"param":{"paramName":"hyp|lr0","paramValue":0.01,"source":"manual","step":null}},"type":"parameter_msg"}
{"payload":{"local_timestamp":1741336725388,"message_id":47,"param":{"paramName":"hyp|lrf","paramValue":0.01,"source":"manual","step":null}},"type":"parameter_msg"}
{"payload":{"local_timestamp":1741336725388,"message_id":48,"param":{"paramName":"hyp|mixup","paramValue":0.0,"source":"manual","step":null}},"type":"parameter_msg"}
{"payload":{"local_timestamp":1741336725388,"message_id":49,"param":{"paramName":"hyp|momentum","paramValue":0.937,"source":"manual","step":null}},"type":"parameter_msg"}
{"payload":{"local_timestamp":1741336725388,"message_id":50,"param":{"paramName":"hyp|mosaic","paramValue":1.0,"source":"manual","step":null}},"type":"parameter_msg"}
{"payload":{"local_timestamp":1741336725388,"message_id":51,"param":{"paramName":"hyp|obj","paramValue":1.0,"source":"manual","step":null}},"type":"parameter_msg"}
{"payload":{"local_timestamp":1741336725388,"message_id":52,"param":{"paramName":"hyp|obj_pw","paramValue":1.0,"source":"manual","step":null}},"type":"parameter_msg"}
{"payload":{"local_timestamp":1741336725388,"message_id":53,"param":{"paramName":"hyp|perspective","paramValue":0.0,"source":"manual","step":null}},"type":"parameter_msg"}
{"payload":{"local_timestamp":1741336725389,"message_id":54,"param":{"paramName":"hyp|scale","paramValue":0.5,"source":"manual","step":null}},"type":"parameter_msg"}
{"payload":{"local_timestamp":1741336725389,"message_id":55,"param":{"paramName":"hyp|shear","paramValue":0.0,"source":"manual","step":null}},"type":"parameter_msg"}
{"payload":{"local_timestamp":1741336725389,"message_id":56,"param":{"paramName":"hyp|translate","paramValue":0.1,"source":"manual","step":null}},"type":"parameter_msg"}
{"payload":{"local_timestamp":1741336725389,"message_id":57,"param":{"paramName":"hyp|warmup_bias_lr","paramValue":0.1,"source":"manual","step":null}},"type":"parameter_msg"}
{"payload":{"local_timestamp":1741336725389,"message_id":58,"param":{"paramName":"hyp|warmup_epochs","paramValue":3.0,"source":"manual","step":null}},"type":"parameter_msg"}
{"payload":{"local_timestamp":1741336725389,"message_id":59,"param":{"paramName":"hyp|warmup_momentum","paramValue":0.8,"source":"manual","step":null}},"type":"parameter_msg"}
{"payload":{"local_timestamp":1741336725389,"message_id":60,"param":{"paramName":"hyp|weight_decay","paramValue":0.0005,"source":"manual","step":null}},"type":"parameter_msg"}
{"payload":{"local_timestamp":1741336725389,"message_id":61,"param":{"paramName":"image_weights","paramValue":false,"source":"manual","step":null}},"type":"parameter_msg"}
{"payload":{"local_timestamp":1741336725389,"message_id":62,"param":{"paramName":"imgsz","paramValue":640,"source":"manual","step":null}},"type":"parameter_msg"}
{"payload":{"local_timestamp":1741336725389,"message_id":63,"param":{"paramName":"label_smoothing","paramValue":0.0,"source":"manual","step":null}},"type":"parameter_msg"}
{"payload":{"local_timestamp":1741336725389,"message_id":64,"param":{"paramName":"local_rank","paramValue":-1,"source":"manual","step":null}},"type":"parameter_msg"}
{"payload":{"local_timestamp":1741336725389,"message_id":65,"param":{"paramName":"multi_scale","paramValue":false,"source":"manual","step":null}},"type":"parameter_msg"}
{"payload":{"local_timestamp":1741336725389,"message_id":66,"param":{"paramName":"name","paramValue":"exp","source":"manual","step":null}},"type":"parameter_msg"}
{"payload":{"local_timestamp":1741336725389,"message_id":67,"param":{"paramName":"ndjson_console","paramValue":false,"source":"manual","step":null}},"type":"parameter_msg"}
{"payload":{"local_timestamp":1741336725390,"message_id":68,"param":{"paramName":"ndjson_file","paramValue":false,"source":"manual","step":null}},"type":"parameter_msg"}
{"payload":{"local_timestamp":1741336725390,"message_id":69,"param":{"paramName":"noautoanchor","paramValue":false,"source":"manual","step":null}},"type":"parameter_msg"}
{"payload":{"local_timestamp":1741336725390,"message_id":70,"param":{"paramName":"noplots","paramValue":false,"source":"manual","step":null}},"type":"parameter_msg"}
{"payload":{"local_timestamp":1741336725390,"message_id":71,"param":{"paramName":"nosave","paramValue":false,"source":"manual","step":null}},"type":"parameter_msg"}
{"payload":{"local_timestamp":1741336725390,"message_id":72,"param":{"paramName":"noval","paramValue":false,"source":"manual","step":null}},"type":"parameter_msg"}
{"payload":{"local_timestamp":1741336725390,"message_id":73,"param":{"paramName":"optimizer","paramValue":"SGD","source":"manual","step":null}},"type":"parameter_msg"}
{"payload":{"local_timestamp":1741336725390,"message_id":74,"param":{"paramName":"patience","paramValue":100,"source":"manual","step":null}},"type":"parameter_msg"}
{"payload":{"local_timestamp":1741336725390,"message_id":75,"param":{"paramName":"project","paramValue":"runs\\train","source":"manual","step":null}},"type":"parameter_msg"}
{"payload":{"local_timestamp":1741336725390,"message_id":76,"param":{"paramName":"quad","paramValue":false,"source":"manual","step":null}},"type":"parameter_msg"}
{"payload":{"local_timestamp":1741336725390,"message_id":77,"param":{"paramName":"rect","paramValue":false,"source":"manual","step":null}},"type":"parameter_msg"}
{"payload":{"local_timestamp":1741336725390,"message_id":78,"param":{"paramName":"resume","paramValue":false,"source":"manual","step":null}},"type":"parameter_msg"}
{"payload":{"local_timestamp":1741336725390,"message_id":79,"param":{"paramName":"resume_evolve","paramValue":null,"source":"manual","step":null}},"type":"parameter_msg"}
{"payload":{"local_timestamp":1741336725390,"message_id":80,"param":{"paramName":"save_dir","paramValue":"runs\\train\\exp5","source":"manual","step":null}},"type":"parameter_msg"}
{"payload":{"local_timestamp":1741336725390,"message_id":81,"param":{"paramName":"save_period","paramValue":-1,"source":"manual","step":null}},"type":"parameter_msg"}
{"payload":{"local_timestamp":1741336725390,"message_id":82,"param":{"paramName":"seed","paramValue":0,"source":"manual","step":null}},"type":"parameter_msg"}
{"payload":{"local_timestamp":1741336725390,"message_id":83,"param":{"paramName":"single_cls","paramValue":false,"source":"manual","step":null}},"type":"parameter_msg"}
{"payload":{"local_timestamp":1741336725390,"message_id":84,"param":{"paramName":"sync_bn","paramValue":false,"source":"manual","step":null}},"type":"parameter_msg"}
{"payload":{"local_timestamp":1741336725391,"message_id":85,"param":{"paramName":"upload_dataset","paramValue":false,"source":"manual","step":null}},"type":"parameter_msg"}
{"payload":{"local_timestamp":1741336725391,"message_id":86,"param":{"paramName":"workers","paramValue":8,"source":"manual","step":null}},"type":"parameter_msg"}
{"payload":{"local_timestamp":1741336725391,"message_id":87,"param":{"paramName":"anchor_t","paramValue":4.0,"source":"manual","step":null}},"type":"parameter_msg"}
{"payload":{"local_timestamp":1741336725391,"message_id":88,"param":{"paramName":"box","paramValue":0.05,"source":"manual","step":null}},"type":"parameter_msg"}
{"payload":{"local_timestamp":1741336725391,"message_id":89,"param":{"paramName":"cls","paramValue":0.5,"source":"manual","step":null}},"type":"parameter_msg"}
{"payload":{"local_timestamp":1741336725391,"message_id":90,"param":{"paramName":"cls_pw","paramValue":1.0,"source":"manual","step":null}},"type":"parameter_msg"}
{"payload":{"local_timestamp":1741336725391,"message_id":91,"param":{"paramName":"copy_paste","paramValue":0.0,"source":"manual","step":null}},"type":"parameter_msg"}
{"payload":{"local_timestamp":1741336725391,"message_id":92,"param":{"paramName":"degrees","paramValue":0.0,"source":"manual","step":null}},"type":"parameter_msg"}
{"payload":{"local_timestamp":1741336725391,"message_id":93,"param":{"paramName":"fl_gamma","paramValue":0.0,"source":"manual","step":null}},"type":"parameter_msg"}
{"payload":{"local_timestamp":1741336725391,"message_id":94,"param":{"paramName":"fliplr","paramValue":0.5,"source":"manual","step":null}},"type":"parameter_msg"}
{"payload":{"local_timestamp":1741336725391,"message_id":95,"param":{"paramName":"flipud","paramValue":0.0,"source":"manual","step":null}},"type":"parameter_msg"}
{"payload":{"local_timestamp":1741336725391,"message_id":96,"param":{"paramName":"hsv_h","paramValue":0.015,"source":"manual","step":null}},"type":"parameter_msg"}
{"payload":{"local_timestamp":1741336725391,"message_id":97,"param":{"paramName":"hsv_s","paramValue":0.7,"source":"manual","step":null}},"type":"parameter_msg"}
{"payload":{"local_timestamp":1741336725391,"message_id":98,"param":{"paramName":"hsv_v","paramValue":0.4,"source":"manual","step":null}},"type":"parameter_msg"}
{"payload":{"local_timestamp":1741336725391,"message_id":99,"param":{"paramName":"iou_t","paramValue":0.2,"source":"manual","step":null}},"type":"parameter_msg"}
{"payload":{"local_timestamp":1741336725391,"message_id":100,"param":{"paramName":"lr0","paramValue":0.01,"source":"manual","step":null}},"type":"parameter_msg"}
{"payload":{"local_timestamp":1741336725392,"message_id":101,"param":{"paramName":"lrf","paramValue":0.01,"source":"manual","step":null}},"type":"parameter_msg"}
{"payload":{"local_timestamp":1741336725392,"message_id":102,"param":{"paramName":"mixup","paramValue":0.0,"source":"manual","step":null}},"type":"parameter_msg"}
{"payload":{"local_timestamp":1741336725392,"message_id":103,"param":{"paramName":"momentum","paramValue":0.937,"source":"manual","step":null}},"type":"parameter_msg"}
{"payload":{"local_timestamp":1741336725392,"message_id":104,"param":{"paramName":"mosaic","paramValue":1.0,"source":"manual","step":null}},"type":"parameter_msg"}
{"payload":{"local_timestamp":1741336725392,"message_id":105,"param":{"paramName":"obj","paramValue":1.0,"source":"manual","step":null}},"type":"parameter_msg"}
{"payload":{"local_timestamp":1741336725392,"message_id":106,"param":{"paramName":"obj_pw","paramValue":1.0,"source":"manual","step":null}},"type":"parameter_msg"}
{"payload":{"local_timestamp":1741336725392,"message_id":107,"param":{"paramName":"perspective","paramValue":0.0,"source":"manual","step":null}},"type":"parameter_msg"}
{"payload":{"local_timestamp":1741336725392,"message_id":108,"param":{"paramName":"scale","paramValue":0.5,"source":"manual","step":null}},"type":"parameter_msg"}
{"payload":{"local_timestamp":1741336725392,"message_id":109,"param":{"paramName":"shear","paramValue":0.0,"source":"manual","step":null}},"type":"parameter_msg"}
{"payload":{"local_timestamp":1741336725392,"message_id":110,"param":{"paramName":"translate","paramValue":0.1,"source":"manual","step":null}},"type":"parameter_msg"}
{"payload":{"local_timestamp":1741336725392,"message_id":111,"param":{"paramName":"warmup_bias_lr","paramValue":0.1,"source":"manual","step":null}},"type":"parameter_msg"}
{"payload":{"local_timestamp":1741336725392,"message_id":112,"param":{"paramName":"warmup_epochs","paramValue":3.0,"source":"manual","step":null}},"type":"parameter_msg"}
{"payload":{"local_timestamp":1741336725392,"message_id":113,"param":{"paramName":"warmup_momentum","paramValue":0.8,"source":"manual","step":null}},"type":"parameter_msg"}
{"payload":{"local_timestamp":1741336725392,"message_id":114,"param":{"paramName":"weight_decay","paramValue":0.0005,"source":"manual","step":null}},"type":"parameter_msg"}
{"payload":{"additional_params":{"assetId":"0417913747d4482d83dfbb62e53ac8c5","context":null,"epoch":null,"extension":"json","fileName":"hyperparameters.json","overwrite":false,"runId":null,"step":null},"clean":true,"file_path":"tmpggimxf45","local_timestamp":1741336725428,"message_id":115,"metadata":{"type":"hyp-config-file"},"upload_type":"asset"},"type":"file_upload"}
{"payload":{"additional_params":{"assetId":"3c3f80c1729b42d585b180e1da982177","context":null,"extension":"yaml","fileName":"opt.yaml","overwrite":false,"runId":null,"step":null},"clean":true,"file_path":"tmp84ivpuqn","local_timestamp":1741336725400,"message_id":116,"metadata":{"type":"opt-config-file"},"upload_type":"asset"},"type":"file_upload"}
{"payload":{"local_timestamp":1741336725400,"message_id":117,"param":{"paramName":"val_conf_threshold","paramValue":0.001,"source":"manual","step":null}},"type":"parameter_msg"}
{"payload":{"local_timestamp":1741336725400,"message_id":118,"param":{"paramName":"val_iou_threshold","paramValue":0.6,"source":"manual","step":null}},"type":"parameter_msg"}
{"payload":{"key":"comet_mode","message_id":119,"value":"online"},"type":"log_other"}
{"payload":{"key":"comet_max_image_uploads","message_id":120,"value":100},"type":"log_other"}
{"payload":{"key":"comet_log_per_class_metrics","message_id":121,"value":false},"type":"log_other"}
{"payload":{"key":"comet_log_batch_metrics","message_id":122,"value":false},"type":"log_other"}
{"payload":{"key":"comet_log_confusion_matrix","message_id":123,"value":true},"type":"log_other"}
{"payload":{"key":"comet_model_name","message_id":124,"value":"yolov5"},"type":"log_other"}
{"payload":{"local_timestamp":1741336725651,"message_id":125,"output":"Overriding model.yaml nc=80 with nc=21\n","stderr":true},"type":"standard_output"}
{"payload":{"local_timestamp":1741336725653,"message_id":126,"output":"\n                 from  n    params  module                                  arguments                     \n","stderr":true},"type":"standard_output"}
{"payload":{"local_timestamp":1741336725663,"message_id":127,"output":"  0                -1  1      3520  models.common.Conv                      [3, 32, 6, 2, 2]              \n","stderr":true},"type":"standard_output"}
{"payload":{"local_timestamp":1741336725681,"message_id":128,"output":"  1                -1  1     18560  models.common.Conv                      [32, 64, 3, 2]                \n","stderr":true},"type":"standard_output"}
{"payload":{"local_timestamp":1741336725694,"message_id":129,"output":"  2                -1  1     18816  models.common.C3                        [64, 64, 1]                   \n","stderr":true},"type":"standard_output"}
{"payload":{"local_timestamp":1741336725728,"message_id":130,"output":"  3                -1  1     73984  models.common.Conv                      [64, 128, 3, 2]               \n","stderr":true},"type":"standard_output"}
{"payload":{"local_timestamp":1741336725746,"message_id":131,"output":"  4                -1  2    115712  models.common.C3                        [128, 128, 2]                 \n","stderr":true},"type":"standard_output"}
{"payload":{"local_timestamp":1741336725753,"message_id":132,"output":"  5                -1  1    295424  models.common.Conv                      [128, 256, 3, 2]              \n","stderr":true},"type":"standard_output"}
{"payload":{"local_timestamp":1741336725809,"message_id":133,"output":"  6                -1  3    625152  models.common.C3                        [256, 256, 3]                 \n","stderr":true},"type":"standard_output"}
{"payload":{"local_timestamp":1741336725881,"message_id":134,"output":"  7                -1  1   1180672  models.common.Conv                      [256, 512, 3, 2]              \n","stderr":true},"type":"standard_output"}
{"payload":{"local_timestamp":1741336726043,"message_id":135,"output":"  8                -1  1   1182720  models.common.C3                        [512, 512, 1]                 \n","stderr":true},"type":"standard_output"}
{"payload":{"local_timestamp":1741336726091,"message_id":136,"output":"  9                -1  1    656896  models.common.SPPF                      [512, 512, 5]                 \n","stderr":true},"type":"standard_output"}
{"payload":{"local_timestamp":1741336726132,"message_id":137,"output":" 10                -1  1    131584  models.common.Conv                      [512, 256, 1, 1]              \n","stderr":true},"type":"standard_output"}
{"payload":{"local_timestamp":1741336726134,"message_id":138,"output":" 11                -1  1         0  torch.nn.modules.upsampling.Upsample    [None, 2, 'nearest']          \n","stderr":true},"type":"standard_output"}
{"payload":{"local_timestamp":1741336726135,"message_id":139,"output":" 12           [-1, 6]  1         0  models.common.Concat                    [1]                           \n","stderr":true},"type":"standard_output"}
{"payload":{"local_timestamp":1741336726168,"message_id":140,"output":" 13                -1  1    361984  models.common.C3                        [512, 256, 1, False]          \n","stderr":true},"type":"standard_output"}
{"payload":{"local_timestamp":1741336726179,"message_id":141,"output":" 14                -1  1     33024  models.common.Conv                      [256, 128, 1, 1]              \n","stderr":true},"type":"standard_output"}
{"payload":{"local_timestamp":1741336726181,"message_id":142,"output":" 15                -1  1         0  torch.nn.modules.upsampling.Upsample    [None, 2, 'nearest']          \n","stderr":true},"type":"standard_output"}
{"payload":{"local_timestamp":1741336726181,"message_id":143,"output":" 16           [-1, 4]  1         0  models.common.Concat                    [1]                           \n","stderr":true},"type":"standard_output"}
{"payload":{"local_timestamp":1741336726203,"message_id":144,"output":" 17                -1  1     90880  models.common.C3                        [256, 128, 1, False]          \n","stderr":true},"type":"standard_output"}
{"payload":{"local_timestamp":1741336726208,"message_id":145,"output":" 18                -1  1    147712  models.common.Conv                      [128, 128, 3, 2]              \n","stderr":true},"type":"standard_output"}
{"payload":{"local_timestamp":1741336726209,"message_id":146,"output":" 19          [-1, 14]  1         0  models.common.Concat                    [1]                           \n","stderr":true},"type":"standard_output"}
{"payload":{"local_timestamp":1741336726240,"message_id":147,"output":" 20                -1  1    296448  models.common.C3                        [256, 256, 1, False]          \n","stderr":true},"type":"standard_output"}
{"payload":{"local_timestamp":1741336726262,"message_id":148,"output":" 21                -1  1    590336  models.common.Conv                      [256, 256, 3, 2]              \n","stderr":true},"type":"standard_output"}
{"payload":{"local_timestamp":1741336726264,"message_id":149,"output":" 22          [-1, 10]  1         0  models.common.Concat                    [1]                           \n","stderr":true},"type":"standard_output"}
{"payload":{"local_timestamp":1741336726323,"message_id":150,"output":" 23                -1  1   1182720  models.common.C3                        [512, 512, 1, False]          \n","stderr":true},"type":"standard_output"}
{"payload":{"local_timestamp":1741336726331,"message_id":151,"output":" 24      [17, 20, 23]  1     70122  models.yolo.Detect                      [21, [[10, 13, 16, 30, 33, 23], [30, 61, 62, 45, 59, 119], [116, 90, 156, 198, 373, 326]], [128, 256, 512]]\n","stderr":true},"type":"standard_output"}
{"payload":{"git_metadata":{"branch":"refs/heads/master","origin":"https://github.com/ultralytics/yolov5","parent":"5cdad8922c83b0ed49a0173cd1a8b0739acbb336","repo_name":"yolov5","root":"1e84a23f38fad9e52b59101e9f1246d93066ed1e","status":null,"user":"aniruddh-pd2"},"message_id":152},"type":"git_metadata"}
{"payload":{"local_timestamp":1741336727027,"message_id":153,"output":"Model summary: 214 layers, 7076266 parameters, 7076266 gradients, 16.1 GFLOPs\n","stderr":true},"type":"standard_output"}
{"payload":{"local_timestamp":1741336727028,"message_id":154,"output":"\n","stderr":true},"type":"standard_output"}
{"payload":{"local_timestamp":1741336727110,"message_id":155,"output":"Transferred 343/349 items from yolov5s.pt\n","stderr":true},"type":"standard_output"}
{"payload":{"local_timestamp":1741336727115,"message_id":156,"output":"\u001b[34m\u001b[1moptimizer:\u001b[0m SGD(lr=0.01) with parameter groups 57 weight(decay=0.0), 60 weight(decay=0.0005), 60 bias\n","stderr":true},"type":"standard_output"}
{"payload":{"local_timestamp":1741336727591,"message_id":157,"output":"\r\u001b[34m\u001b[1mtrain: \u001b[0mScanning C:\\Dev\\yolov5\\train\\labels...:   0%|          | 0/21 [00:00<?, ?it/s]\u001b[0m","stderr":true},"type":"standard_output"}
{"payload":{"local_timestamp":1741336756064,"message_id":158,"metric":{"epoch":null,"metricName":"sys.cpu.percent.avg","metricValue":97.725,"step":null}},"type":"metric_msg"}
{"payload":{"local_timestamp":1741336756064,"message_id":159,"metric":{"epoch":null,"metricName":"sys.ram.total","metricValue":12711636992,"step":null}},"type":"metric_msg"}
{"payload":{"local_timestamp":1741336756065,"message_id":160,"metric":{"epoch":null,"metricName":"sys.ram.used","metricValue":10035712000,"step":null}},"type":"metric_msg"}
{"payload":{"local_timestamp":1741336756065,"message_id":161,"metric":{"epoch":null,"metricName":"sys.ram.available","metricValue":2675924992,"step":null}},"type":"metric_msg"}
{"payload":{"local_timestamp":1741336756065,"message_id":162,"metric":{"epoch":null,"metricName":"sys.ram.percent.used","metricValue":78.9,"step":null}},"type":"metric_msg"}
{"payload":{"local_timestamp":1741336756065,"message_id":163,"metric":{"epoch":null,"metricName":"sys.load.avg","metricValue":6.68,"step":null}},"type":"metric_msg"}
{"payload":{"local_timestamp":1741336756191,"message_id":164,"metric":{"epoch":null,"metricName":"sys.network.send_bps","metricValue":1899,"step":null}},"type":"metric_msg"}
{"payload":{"local_timestamp":1741336756191,"message_id":165,"metric":{"epoch":null,"metricName":"sys.network.receive_bps","metricValue":2839,"step":null}},"type":"metric_msg"}
{"payload":{"local_timestamp":1741336756292,"message_id":166,"metric":{"epoch":null,"metricName":"sys.disk.read_bps","metricValue":2890330.577728913,"step":null}},"type":"metric_msg"}
{"payload":{"local_timestamp":1741336756292,"message_id":167,"metric":{"epoch":null,"metricName":"sys.disk.write_bps","metricValue":8090020.346140729,"step":null}},"type":"metric_msg"}
{"payload":{"local_timestamp":1741336766784,"message_id":168,"output":"\r\u001b[34m\u001b[1mtrain: \u001b[0mScanning C:\\Dev\\yolov5\\train\\labels... 1 images, 0 backgrounds, 0 corrupt:   5%|\u258d         | 1/21 [00:39<13:03, 39.17s/it]\u001b[0m","stderr":true},"type":"standard_output"}
{"payload":{"local_timestamp":1741336766876,"message_id":169,"output":"\r\u001b[34m\u001b[1mtrain: \u001b[0mScanning C:\\Dev\\yolov5\\train\\labels... 9 images, 0 backgrounds, 0 corrupt:  43%|\u2588\u2588\u2588\u2588\u258e     | 9/21 [00:39<00:37,  3.16s/it]\u001b[0m","stderr":true},"type":"standard_output"}
{"payload":{"local_timestamp":1741336766954,"message_id":170,"output":"\r\u001b[34m\u001b[1mtrain: \u001b[0mScanning C:\\Dev\\yolov5\\train\\labels... 21 images, 0 backgrounds, 0 corrupt: 100%|\u2588\u2588\u2588\u2588\u2588\u2588\u2588\u2588\u2588\u2588| 21/21 [00:39<00:00,  1.87s/it]\u001b[0m","stderr":true},"type":"standard_output"}
{"payload":{"local_timestamp":1741336766955,"message_id":171,"output":"\n","stderr":true},"type":"standard_output"}
{"payload":{"local_timestamp":1741336767104,"message_id":172,"output":"\u001b[34m\u001b[1mtrain: \u001b[0mNew cache created: C:\\Dev\\yolov5\\train\\labels.cache\n","stderr":true},"type":"standard_output"}
{"payload":{"local_timestamp":1741336767358,"message_id":173,"output":"\r  0%|          | 0/21 [00:00<?, ?it/s]","stderr":true},"type":"standard_output"}
{"payload":{"local_timestamp":1741336767400,"message_id":174,"output":"\r\u001b[34m\u001b[1mtrain: \u001b[0mCaching images (0.0GB ram): 100%|\u2588\u2588\u2588\u2588\u2588\u2588\u2588\u2588\u2588\u2588| 21/21 [00:00<00:00, 591.57it/s]\u001b[0m","stderr":true},"type":"standard_output"}
{"payload":{"local_timestamp":1741336767401,"message_id":175,"output":"\n","stderr":true},"type":"standard_output"}
{"payload":{"local_timestamp":1741336786539,"message_id":176,"metric":{"epoch":null,"metricName":"sys.cpu.percent.avg","metricValue":97.375,"step":null}},"type":"metric_msg"}
{"payload":{"local_timestamp":1741336786539,"message_id":177,"metric":{"epoch":null,"metricName":"sys.ram.total","metricValue":12711636992,"step":null}},"type":"metric_msg"}
{"payload":{"local_timestamp":1741336786539,"message_id":178,"metric":{"epoch":null,"metricName":"sys.ram.used","metricValue":8624697344,"step":null}},"type":"metric_msg"}
{"payload":{"local_timestamp":1741336786539,"message_id":179,"metric":{"epoch":null,"metricName":"sys.ram.available","metricValue":4086939648,"step":null}},"type":"metric_msg"}
{"payload":{"local_timestamp":1741336786539,"message_id":180,"metric":{"epoch":null,"metricName":"sys.ram.percent.used","metricValue":67.8,"step":null}},"type":"metric_msg"}
{"payload":{"local_timestamp":1741336786539,"message_id":181,"metric":{"epoch":null,"metricName":"sys.load.avg","metricValue":8.38,"step":null}},"type":"metric_msg"}
{"payload":{"local_timestamp":1741336786653,"message_id":182,"metric":{"epoch":null,"metricName":"sys.network.send_bps","metricValue":3574,"step":null}},"type":"metric_msg"}
{"payload":{"local_timestamp":1741336786653,"message_id":183,"metric":{"epoch":null,"metricName":"sys.network.receive_bps","metricValue":5045,"step":null}},"type":"metric_msg"}
{"payload":{"local_timestamp":1741336786754,"message_id":184,"metric":{"epoch":null,"metricName":"sys.disk.read_bps","metricValue":3315690.800972666,"step":null}},"type":"metric_msg"}
{"payload":{"local_timestamp":1741336786755,"message_id":185,"metric":{"epoch":null,"metricName":"sys.disk.write_bps","metricValue":2828958.7600680953,"step":null}},"type":"metric_msg"}
{"payload":{"local_timestamp":1741336817273,"message_id":186,"metric":{"epoch":null,"metricName":"sys.cpu.percent.avg","metricValue":95.325,"step":null}},"type":"metric_msg"}
{"payload":{"local_timestamp":1741336817274,"message_id":187,"metric":{"epoch":null,"metricName":"sys.ram.total","metricValue":12711636992,"step":null}},"type":"metric_msg"}
{"payload":{"local_timestamp":1741336817274,"message_id":188,"metric":{"epoch":null,"metricName":"sys.ram.used","metricValue":11252404224,"step":null}},"type":"metric_msg"}
{"payload":{"local_timestamp":1741336817274,"message_id":189,"metric":{"epoch":null,"metricName":"sys.ram.available","metricValue":1459232768,"step":null}},"type":"metric_msg"}
{"payload":{"local_timestamp":1741336817274,"message_id":190,"metric":{"epoch":null,"metricName":"sys.ram.percent.used","metricValue":88.5,"step":null}},"type":"metric_msg"}
{"payload":{"local_timestamp":1741336817274,"message_id":191,"metric":{"epoch":null,"metricName":"sys.load.avg","metricValue":13.85,"step":null}},"type":"metric_msg"}
{"payload":{"local_timestamp":1741336817397,"message_id":192,"metric":{"epoch":null,"metricName":"sys.network.send_bps","metricValue":10566,"step":null}},"type":"metric_msg"}
{"payload":{"local_timestamp":1741336817397,"message_id":193,"metric":{"epoch":null,"metricName":"sys.network.receive_bps","metricValue":17030,"step":null}},"type":"metric_msg"}
{"payload":{"local_timestamp":1741336817502,"message_id":194,"metric":{"epoch":null,"metricName":"sys.disk.read_bps","metricValue":8834110.880764734,"step":null}},"type":"metric_msg"}
{"payload":{"local_timestamp":1741336817502,"message_id":195,"metric":{"epoch":null,"metricName":"sys.disk.write_bps","metricValue":3838823.9997737673,"step":null}},"type":"metric_msg"}
{"payload":{"local_timestamp":1741336847520,"message_id":196,"metric":{"epoch":null,"metricName":"sys.cpu.percent.avg","metricValue":91.925,"step":null}},"type":"metric_msg"}
{"payload":{"local_timestamp":1741336847521,"message_id":197,"metric":{"epoch":null,"metricName":"sys.ram.total","metricValue":12711636992,"step":null}},"type":"metric_msg"}
{"payload":{"local_timestamp":1741336847521,"message_id":198,"metric":{"epoch":null,"metricName":"sys.ram.used","metricValue":8417120256,"step":null}},"type":"metric_msg"}
{"payload":{"local_timestamp":1741336847521,"message_id":199,"metric":{"epoch":null,"metricName":"sys.ram.available","metricValue":4294516736,"step":null}},"type":"metric_msg"}
{"payload":{"local_timestamp":1741336847521,"message_id":200,"metric":{"epoch":null,"metricName":"sys.ram.percent.used","metricValue":66.2,"step":null}},"type":"metric_msg"}
{"payload":{"local_timestamp":1741336847521,"message_id":201,"metric":{"epoch":null,"metricName":"sys.load.avg","metricValue":10.61,"step":null}},"type":"metric_msg"}
{"payload":{"local_timestamp":1741336847637,"message_id":202,"metric":{"epoch":null,"metricName":"sys.network.send_bps","metricValue":628,"step":null}},"type":"metric_msg"}
{"payload":{"local_timestamp":1741336847637,"message_id":203,"metric":{"epoch":null,"metricName":"sys.network.receive_bps","metricValue":940,"step":null}},"type":"metric_msg"}
{"payload":{"local_timestamp":1741336847739,"message_id":204,"metric":{"epoch":null,"metricName":"sys.disk.read_bps","metricValue":2657712.3944037263,"step":null}},"type":"metric_msg"}
{"payload":{"local_timestamp":1741336847740,"message_id":205,"metric":{"epoch":null,"metricName":"sys.disk.write_bps","metricValue":4775246.776535105,"step":null}},"type":"metric_msg"}
{"payload":{"local_timestamp":1741336859668,"message_id":206,"output":"Traceback (most recent call last):\n","stderr":true},"type":"standard_output"}
{"payload":{"local_timestamp":1741336859706,"message_id":207,"output":"  File \u001b[35m\"C:\\Dev\\yolov5\\utils\\dataloaders.py\"\u001b[0m, line \u001b[35m590\u001b[0m, in \u001b[35m__init__\u001b[0m\n    assert \u001b[1;31mself.im_files\u001b[0m, f\"{prefix}No images found\"\n           \u001b[1;31m^^^^^^^^^^^^^\u001b[0m\n","stderr":true},"type":"standard_output"}
{"payload":{"local_timestamp":1741336859751,"message_id":208,"output":"\u001b[1;35mAssertionError\u001b[0m: \u001b[35m\u001b[34m\u001b[1mval: \u001b[0mNo images found\u001b[0m\n","stderr":true},"type":"standard_output"}
{"payload":{"local_timestamp":1741336859792,"message_id":209,"output":"\nThe above exception was the direct cause of the following exception:\n\n","stderr":true},"type":"standard_output"}
{"payload":{"local_timestamp":1741336859797,"message_id":210,"output":"Traceback (most recent call last):\n","stderr":true},"type":"standard_output"}
{"payload":{"local_timestamp":1741336859979,"message_id":211,"output":"  File \u001b[35m\"C:\\Dev\\yolov5\\train.py\"\u001b[0m, line \u001b[35m986\u001b[0m, in \u001b[35m<module>\u001b[0m\n    \u001b[31mmain\u001b[0m\u001b[1;31m(opt)\u001b[0m\n    \u001b[31m~~~~\u001b[0m\u001b[1;31m^^^^^\u001b[0m\n","stderr":true},"type":"standard_output"}
{"payload":{"local_timestamp":1741336859987,"message_id":212,"output":"  File \u001b[35m\"C:\\Dev\\yolov5\\train.py\"\u001b[0m, line \u001b[35m688\u001b[0m, in \u001b[35mmain\u001b[0m\n    \u001b[31mtrain\u001b[0m\u001b[1;31m(opt.hyp, opt, device, callbacks)\u001b[0m\n    \u001b[31m~~~~~\u001b[0m\u001b[1;31m^^^^^^^^^^^^^^^^^^^^^^^^^^^^^^^^^\u001b[0m\n","stderr":true},"type":"standard_output"}
{"payload":{"local_timestamp":1741336859996,"message_id":213,"output":"  File \u001b[35m\"C:\\Dev\\yolov5\\train.py\"\u001b[0m, line \u001b[35m309\u001b[0m, in \u001b[35mtrain\u001b[0m\n    val_loader = \u001b[31mcreate_dataloader\u001b[0m\u001b[1;31m(\u001b[0m\n                 \u001b[31m~~~~~~~~~~~~~~~~~\u001b[0m\u001b[1;31m^\u001b[0m\n        \u001b[1;31mval_path,\u001b[0m\n        \u001b[1;31m^^^^^^^^^\u001b[0m\n    ...<10 lines>...\n        \u001b[1;31mprefix=colorstr(\"val: \"),\u001b[0m\n        \u001b[1;31m^^^^^^^^^^^^^^^^^^^^^^^^^\u001b[0m\n    \u001b[1;31m)\u001b[0m[0]\n    \u001b[1;31m^\u001b[0m\n","stderr":true},"type":"standard_output"}
{"payload":{"local_timestamp":1741336859998,"message_id":214,"output":"  File \u001b[35m\"C:\\Dev\\yolov5\\utils\\dataloaders.py\"\u001b[0m, line \u001b[35m184\u001b[0m, in \u001b[35mcreate_dataloader\u001b[0m\n    dataset = LoadImagesAndLabels(\n        path,\n    ...<11 lines>...\n        rank=rank,\n    )\n","stderr":true},"type":"standard_output"}
{"payload":{"local_timestamp":1741336860052,"message_id":215,"output":"  File \u001b[35m\"C:\\Dev\\yolov5\\utils\\dataloaders.py\"\u001b[0m, line \u001b[35m592\u001b[0m, in \u001b[35m__init__\u001b[0m\n    raise Exception(f\"{prefix}Error loading data from {path}: {e}\\n{HELP_URL}\") from e\n","stderr":true},"type":"standard_output"}
{"payload":{"local_timestamp":1741336860090,"message_id":216,"output":"\u001b[1;35mException\u001b[0m: \u001b[35m\u001b[34m\u001b[1mval: \u001b[0mError loading data from C:\\Dev\\yolov5\\valid\\images: \u001b[34m\u001b[1mval: \u001b[0mNo images found\nSee https://docs.ultralytics.com/yolov5/tutorials/train_custom_data\u001b[0m\n","stderr":true},"type":"standard_output"}
{"payload":{"local_timestamp":1741336860134,"message_id":217,"output":"\u001b[1;38;5;39mCOMET INFO:\u001b[0m ---------------------------------------------------------------------------------------\n","stderr":true},"type":"standard_output"}
{"payload":{"local_timestamp":1741336860149,"message_id":218,"output":"\u001b[1;38;5;39mCOMET INFO:\u001b[0m Comet.ml OfflineExperiment Summary\n","stderr":true},"type":"standard_output"}
{"payload":{"local_timestamp":1741336860180,"message_id":219,"output":"\u001b[1;38;5;39mCOMET INFO:\u001b[0m ---------------------------------------------------------------------------------------\n","stderr":true},"type":"standard_output"}
{"payload":{"local_timestamp":1741336860193,"message_id":220,"output":"\u001b[1;38;5;39mCOMET INFO:\u001b[0m   Data:\n","stderr":true},"type":"standard_output"}
{"payload":{"local_timestamp":1741336860223,"message_id":221,"output":"\u001b[1;38;5;39mCOMET INFO:\u001b[0m     display_summary_level : 1\n","stderr":true},"type":"standard_output"}
{"payload":{"local_timestamp":1741336860251,"message_id":222,"output":"\u001b[1;38;5;39mCOMET INFO:\u001b[0m     name                  : exp\n","stderr":true},"type":"standard_output"}
{"payload":{"local_timestamp":1741336860265,"message_id":223,"output":"\u001b[1;38;5;39mCOMET INFO:\u001b[0m     url                   : [OfflineExperiment will get URL after upload]\n","stderr":true},"type":"standard_output"}
{"payload":{"local_timestamp":1741336860277,"message_id":224,"output":"\u001b[1;38;5;39mCOMET INFO:\u001b[0m   Others:\n","stderr":true},"type":"standard_output"}
{"payload":{"local_timestamp":1741336860279,"message_id":225,"output":"\u001b[1;38;5;39mCOMET INFO:\u001b[0m     Created from                : YOLOv5\n","stderr":true},"type":"standard_output"}
{"payload":{"local_timestamp":1741336860312,"message_id":226,"output":"\u001b[1;38;5;39mCOMET INFO:\u001b[0m     Name                        : exp\n","stderr":true},"type":"standard_output"}
{"payload":{"local_timestamp":1741336860319,"message_id":227,"output":"\u001b[1;38;5;39mCOMET INFO:\u001b[0m     comet_log_batch_metrics     : False\n","stderr":true},"type":"standard_output"}
{"payload":{"local_timestamp":1741336860327,"message_id":228,"output":"\u001b[1;38;5;39mCOMET INFO:\u001b[0m     comet_log_confusion_matrix  : True\n","stderr":true},"type":"standard_output"}
{"payload":{"local_timestamp":1741336860328,"message_id":229,"output":"\u001b[1;38;5;39mCOMET INFO:\u001b[0m     comet_log_per_class_metrics : False\n","stderr":true},"type":"standard_output"}
{"payload":{"local_timestamp":1741336860332,"message_id":230,"output":"\u001b[1;38;5;39mCOMET INFO:\u001b[0m     comet_max_image_uploads     : 100\n","stderr":true},"type":"standard_output"}
{"payload":{"local_timestamp":1741336860333,"message_id":231,"output":"\u001b[1;38;5;39mCOMET INFO:\u001b[0m     comet_mode                  : online\n","stderr":true},"type":"standard_output"}
{"payload":{"local_timestamp":1741336860334,"message_id":232,"output":"\u001b[1;38;5;39mCOMET INFO:\u001b[0m     comet_model_name            : yolov5\n","stderr":true},"type":"standard_output"}
{"payload":{"local_timestamp":1741336860345,"message_id":233,"output":"\u001b[1;38;5;39mCOMET INFO:\u001b[0m     hasNestedParams             : True\n","stderr":true},"type":"standard_output"}
{"payload":{"local_timestamp":1741336860346,"message_id":234,"output":"\u001b[1;38;5;39mCOMET INFO:\u001b[0m     offline_experiment          : True\n","stderr":true},"type":"standard_output"}
{"payload":{"local_timestamp":1741336860346,"message_id":235,"output":"\u001b[1;38;5;39mCOMET INFO:\u001b[0m   Parameters:\n","stderr":true},"type":"standard_output"}
{"payload":{"local_timestamp":1741336860348,"message_id":236,"output":"\u001b[1;38;5;39mCOMET INFO:\u001b[0m     anchor_t            : 4.0\n","stderr":true},"type":"standard_output"}
{"payload":{"local_timestamp":1741336860349,"message_id":237,"output":"\u001b[1;38;5;39mCOMET INFO:\u001b[0m     artifact_alias      : latest\n","stderr":true},"type":"standard_output"}
{"payload":{"local_timestamp":1741336860349,"message_id":238,"output":"\u001b[1;38;5;39mCOMET INFO:\u001b[0m     batch_size          : 8\n","stderr":true},"type":"standard_output"}
{"payload":{"local_timestamp":1741336860353,"message_id":239,"output":"\u001b[1;38;5;39mCOMET INFO:\u001b[0m     bbox_interval       : -1\n","stderr":true},"type":"standard_output"}
{"payload":{"local_timestamp":1741336860354,"message_id":240,"output":"\u001b[1;38;5;39mCOMET INFO:\u001b[0m     box                 : 0.05\n","stderr":true},"type":"standard_output"}
{"payload":{"local_timestamp":1741336860356,"message_id":241,"output":"\u001b[1;38;5;39mCOMET INFO:\u001b[0m     bucket              : \n","stderr":true},"type":"standard_output"}
{"payload":{"local_timestamp":1741336860358,"message_id":242,"output":"\u001b[1;38;5;39mCOMET INFO:\u001b[0m     cfg                 : \n","stderr":true},"type":"standard_output"}
{"payload":{"local_timestamp":1741336860360,"message_id":243,"output":"\u001b[1;38;5;39mCOMET INFO:\u001b[0m     cls                 : 0.5\n","stderr":true},"type":"standard_output"}
{"payload":{"local_timestamp":1741336860361,"message_id":244,"output":"\u001b[1;38;5;39mCOMET INFO:\u001b[0m     cls_pw              : 1.0\n","stderr":true},"type":"standard_output"}
{"payload":{"local_timestamp":1741336860362,"message_id":245,"output":"\u001b[1;38;5;39mCOMET INFO:\u001b[0m     copy_paste          : 0.0\n","stderr":true},"type":"standard_output"}
{"payload":{"local_timestamp":1741336860362,"message_id":246,"output":"\u001b[1;38;5;39mCOMET INFO:\u001b[0m     cos_lr              : False\n","stderr":true},"type":"standard_output"}
{"payload":{"local_timestamp":1741336860363,"message_id":247,"output":"\u001b[1;38;5;39mCOMET INFO:\u001b[0m     degrees             : 0.0\n","stderr":true},"type":"standard_output"}
{"payload":{"local_timestamp":1741336860364,"message_id":248,"output":"\u001b[1;38;5;39mCOMET INFO:\u001b[0m     device              : \n","stderr":true},"type":"standard_output"}
{"payload":{"local_timestamp":1741336860365,"message_id":249,"output":"\u001b[1;38;5;39mCOMET INFO:\u001b[0m     entity              : None\n","stderr":true},"type":"standard_output"}
{"payload":{"local_timestamp":1741336860379,"message_id":250,"output":"\u001b[1;38;5;39mCOMET INFO:\u001b[0m     evolve              : None\n","stderr":true},"type":"standard_output"}
{"payload":{"local_timestamp":1741336860380,"message_id":251,"output":"\u001b[1;38;5;39mCOMET INFO:\u001b[0m     evolve_population   : data\\hyps\n","stderr":true},"type":"standard_output"}
{"payload":{"local_timestamp":1741336860381,"message_id":252,"output":"\u001b[1;38;5;39mCOMET INFO:\u001b[0m     exist_ok            : False\n","stderr":true},"type":"standard_output"}
{"payload":{"local_timestamp":1741336860382,"message_id":253,"output":"\u001b[1;38;5;39mCOMET INFO:\u001b[0m     fl_gamma            : 0.0\n","stderr":true},"type":"standard_output"}
{"payload":{"local_timestamp":1741336860386,"message_id":254,"output":"\u001b[1;38;5;39mCOMET INFO:\u001b[0m     fliplr              : 0.5\n","stderr":true},"type":"standard_output"}
{"payload":{"local_timestamp":1741336860387,"message_id":255,"output":"\u001b[1;38;5;39mCOMET INFO:\u001b[0m     flipud              : 0.0\n","stderr":true},"type":"standard_output"}
{"payload":{"local_timestamp":1741336860395,"message_id":256,"output":"\u001b[1;38;5;39mCOMET INFO:\u001b[0m     freeze              : [0]\n","stderr":true},"type":"standard_output"}
{"payload":{"local_timestamp":1741336860568,"message_id":257,"output":"\u001b[1;38;5;39mCOMET INFO:\u001b[0m     hsv_h               : 0.015\n","stderr":true},"type":"standard_output"}
{"payload":{"local_timestamp":1741336860569,"message_id":258,"output":"\u001b[1;38;5;39mCOMET INFO:\u001b[0m     hsv_s               : 0.7\n","stderr":true},"type":"standard_output"}
{"payload":{"local_timestamp":1741336860570,"message_id":259,"output":"\u001b[1;38;5;39mCOMET INFO:\u001b[0m     hsv_v               : 0.4\n","stderr":true},"type":"standard_output"}
{"payload":{"local_timestamp":1741336860570,"message_id":260,"output":"\u001b[1;38;5;39mCOMET INFO:\u001b[0m     hyp|anchor_t        : 4.0\n","stderr":true},"type":"standard_output"}
{"payload":{"local_timestamp":1741336860571,"message_id":261,"output":"\u001b[1;38;5;39mCOMET INFO:\u001b[0m     hyp|box             : 0.05\n","stderr":true},"type":"standard_output"}
{"payload":{"local_timestamp":1741336860572,"message_id":262,"output":"\u001b[1;38;5;39mCOMET INFO:\u001b[0m     hyp|cls             : 0.5\n","stderr":true},"type":"standard_output"}
{"payload":{"local_timestamp":1741336860573,"message_id":263,"output":"\u001b[1;38;5;39mCOMET INFO:\u001b[0m     hyp|cls_pw          : 1.0\n","stderr":true},"type":"standard_output"}
{"payload":{"local_timestamp":1741336860574,"message_id":264,"output":"\u001b[1;38;5;39mCOMET INFO:\u001b[0m     hyp|copy_paste      : 0.0\n","stderr":true},"type":"standard_output"}
{"payload":{"local_timestamp":1741336860575,"message_id":265,"output":"\u001b[1;38;5;39mCOMET INFO:\u001b[0m     hyp|degrees         : 0.0\n","stderr":true},"type":"standard_output"}
{"payload":{"local_timestamp":1741336860576,"message_id":266,"output":"\u001b[1;38;5;39mCOMET INFO:\u001b[0m     hyp|fl_gamma        : 0.0\n","stderr":true},"type":"standard_output"}
{"payload":{"local_timestamp":1741336860577,"message_id":267,"output":"\u001b[1;38;5;39mCOMET INFO:\u001b[0m     hyp|fliplr          : 0.5\n","stderr":true},"type":"standard_output"}
{"payload":{"local_timestamp":1741336860578,"message_id":268,"output":"\u001b[1;38;5;39mCOMET INFO:\u001b[0m     hyp|flipud          : 0.0\n","stderr":true},"type":"standard_output"}
{"payload":{"local_timestamp":1741336860582,"message_id":269,"output":"\u001b[1;38;5;39mCOMET INFO:\u001b[0m     hyp|hsv_h           : 0.015\n","stderr":true},"type":"standard_output"}
{"payload":{"local_timestamp":1741336860583,"message_id":270,"output":"\u001b[1;38;5;39mCOMET INFO:\u001b[0m     hyp|hsv_s           : 0.7\n","stderr":true},"type":"standard_output"}
{"payload":{"local_timestamp":1741336860586,"message_id":271,"output":"\u001b[1;38;5;39mCOMET INFO:\u001b[0m     hyp|hsv_v           : 0.4\n","stderr":true},"type":"standard_output"}
{"payload":{"local_timestamp":1741336860587,"message_id":272,"output":"\u001b[1;38;5;39mCOMET INFO:\u001b[0m     hyp|iou_t           : 0.2\n","stderr":true},"type":"standard_output"}
{"payload":{"local_timestamp":1741336860588,"message_id":273,"output":"\u001b[1;38;5;39mCOMET INFO:\u001b[0m     hyp|lr0             : 0.01\n","stderr":true},"type":"standard_output"}
{"payload":{"local_timestamp":1741336860594,"message_id":274,"output":"\u001b[1;38;5;39mCOMET INFO:\u001b[0m     hyp|lrf             : 0.01\n","stderr":true},"type":"standard_output"}
{"payload":{"local_timestamp":1741336860594,"message_id":275,"output":"\u001b[1;38;5;39mCOMET INFO:\u001b[0m     hyp|mixup           : 0.0\n","stderr":true},"type":"standard_output"}
{"payload":{"local_timestamp":1741336860596,"message_id":276,"output":"\u001b[1;38;5;39mCOMET INFO:\u001b[0m     hyp|momentum        : 0.937\n","stderr":true},"type":"standard_output"}
{"payload":{"local_timestamp":1741336860597,"message_id":277,"output":"\u001b[1;38;5;39mCOMET INFO:\u001b[0m     hyp|mosaic          : 1.0\n","stderr":true},"type":"standard_output"}
{"payload":{"local_timestamp":1741336860598,"message_id":278,"output":"\u001b[1;38;5;39mCOMET INFO:\u001b[0m     hyp|obj             : 1.0\n","stderr":true},"type":"standard_output"}
{"payload":{"local_timestamp":1741336860599,"message_id":279,"output":"\u001b[1;38;5;39mCOMET INFO:\u001b[0m     hyp|obj_pw          : 1.0\n","stderr":true},"type":"standard_output"}
{"payload":{"local_timestamp":1741336860599,"message_id":280,"output":"\u001b[1;38;5;39mCOMET INFO:\u001b[0m     hyp|perspective     : 0.0\n","stderr":true},"type":"standard_output"}
{"payload":{"local_timestamp":1741336860600,"message_id":281,"output":"\u001b[1;38;5;39mCOMET INFO:\u001b[0m     hyp|scale           : 0.5\n","stderr":true},"type":"standard_output"}
{"payload":{"local_timestamp":1741336860602,"message_id":282,"output":"\u001b[1;38;5;39mCOMET INFO:\u001b[0m     hyp|shear           : 0.0\n","stderr":true},"type":"standard_output"}
{"payload":{"local_timestamp":1741336860603,"message_id":283,"output":"\u001b[1;38;5;39mCOMET INFO:\u001b[0m     hyp|translate       : 0.1\n","stderr":true},"type":"standard_output"}
{"payload":{"local_timestamp":1741336860605,"message_id":284,"output":"\u001b[1;38;5;39mCOMET INFO:\u001b[0m     hyp|warmup_bias_lr  : 0.1\n","stderr":true},"type":"standard_output"}
{"payload":{"local_timestamp":1741336860606,"message_id":285,"output":"\u001b[1;38;5;39mCOMET INFO:\u001b[0m     hyp|warmup_epochs   : 3.0\n","stderr":true},"type":"standard_output"}
{"payload":{"local_timestamp":1741336860702,"message_id":286,"output":"\u001b[1;38;5;39mCOMET INFO:\u001b[0m     hyp|warmup_momentum : 0.8\n","stderr":true},"type":"standard_output"}
{"payload":{"local_timestamp":1741336860703,"message_id":287,"output":"\u001b[1;38;5;39mCOMET INFO:\u001b[0m     hyp|weight_decay    : 0.0005\n","stderr":true},"type":"standard_output"}
{"payload":{"local_timestamp":1741336860704,"message_id":288,"output":"\u001b[1;38;5;39mCOMET INFO:\u001b[0m     image_weights       : False\n","stderr":true},"type":"standard_output"}
{"payload":{"local_timestamp":1741336860705,"message_id":289,"output":"\u001b[1;38;5;39mCOMET INFO:\u001b[0m     imgsz               : 640\n","stderr":true},"type":"standard_output"}
{"payload":{"local_timestamp":1741336860705,"message_id":290,"output":"\u001b[1;38;5;39mCOMET INFO:\u001b[0m     iou_t               : 0.2\n","stderr":true},"type":"standard_output"}
{"payload":{"local_timestamp":1741336860706,"message_id":291,"output":"\u001b[1;38;5;39mCOMET INFO:\u001b[0m     label_smoothing     : 0.0\n","stderr":true},"type":"standard_output"}
{"payload":{"local_timestamp":1741336860707,"message_id":292,"output":"\u001b[1;38;5;39mCOMET INFO:\u001b[0m     local_rank          : -1\n","stderr":true},"type":"standard_output"}
{"payload":{"local_timestamp":1741336860708,"message_id":293,"output":"\u001b[1;38;5;39mCOMET INFO:\u001b[0m     lr0                 : 0.01\n","stderr":true},"type":"standard_output"}
{"payload":{"local_timestamp":1741336860709,"message_id":294,"output":"\u001b[1;38;5;39mCOMET INFO:\u001b[0m     lrf                 : 0.01\n","stderr":true},"type":"standard_output"}
{"payload":{"local_timestamp":1741336860709,"message_id":295,"output":"\u001b[1;38;5;39mCOMET INFO:\u001b[0m     mixup               : 0.0\n","stderr":true},"type":"standard_output"}
{"payload":{"local_timestamp":1741336860710,"message_id":296,"output":"\u001b[1;38;5;39mCOMET INFO:\u001b[0m     momentum            : 0.937\n","stderr":true},"type":"standard_output"}
{"payload":{"local_timestamp":1741336860711,"message_id":297,"output":"\u001b[1;38;5;39mCOMET INFO:\u001b[0m     mosaic              : 1.0\n","stderr":true},"type":"standard_output"}
{"payload":{"local_timestamp":1741336860711,"message_id":298,"output":"\u001b[1;38;5;39mCOMET INFO:\u001b[0m     multi_scale         : False\n","stderr":true},"type":"standard_output"}
{"payload":{"local_timestamp":1741336860712,"message_id":299,"output":"\u001b[1;38;5;39mCOMET INFO:\u001b[0m     name                : exp\n","stderr":true},"type":"standard_output"}
{"payload":{"local_timestamp":1741336860713,"message_id":300,"output":"\u001b[1;38;5;39mCOMET INFO:\u001b[0m     ndjson_console      : False\n","stderr":true},"type":"standard_output"}
{"payload":{"local_timestamp":1741336860715,"message_id":301,"output":"\u001b[1;38;5;39mCOMET INFO:\u001b[0m     ndjson_file         : False\n","stderr":true},"type":"standard_output"}
{"payload":{"local_timestamp":1741336860717,"message_id":302,"output":"\u001b[1;38;5;39mCOMET INFO:\u001b[0m     noautoanchor        : False\n","stderr":true},"type":"standard_output"}
{"payload":{"local_timestamp":1741336860718,"message_id":303,"output":"\u001b[1;38;5;39mCOMET INFO:\u001b[0m     noplots             : False\n","stderr":true},"type":"standard_output"}
{"payload":{"local_timestamp":1741336860720,"message_id":304,"output":"\u001b[1;38;5;39mCOMET INFO:\u001b[0m     nosave              : False\n","stderr":true},"type":"standard_output"}
{"payload":{"local_timestamp":1741336860721,"message_id":305,"output":"\u001b[1;38;5;39mCOMET INFO:\u001b[0m     noval               : False\n","stderr":true},"type":"standard_output"}
{"payload":{"local_timestamp":1741336860722,"message_id":306,"output":"\u001b[1;38;5;39mCOMET INFO:\u001b[0m     obj                 : 1.0\n","stderr":true},"type":"standard_output"}
{"payload":{"local_timestamp":1741336860727,"message_id":307,"output":"\u001b[1;38;5;39mCOMET INFO:\u001b[0m     obj_pw              : 1.0\n","stderr":true},"type":"standard_output"}
{"payload":{"local_timestamp":1741336860728,"message_id":308,"output":"\u001b[1;38;5;39mCOMET INFO:\u001b[0m     optimizer           : SGD\n","stderr":true},"type":"standard_output"}
{"payload":{"local_timestamp":1741336860729,"message_id":309,"output":"\u001b[1;38;5;39mCOMET INFO:\u001b[0m     patience            : 100\n","stderr":true},"type":"standard_output"}
{"payload":{"local_timestamp":1741336860730,"message_id":310,"output":"\u001b[1;38;5;39mCOMET INFO:\u001b[0m     perspective         : 0.0\n","stderr":true},"type":"standard_output"}
{"payload":{"local_timestamp":1741336860730,"message_id":311,"output":"\u001b[1;38;5;39mCOMET INFO:\u001b[0m     project             : runs\\train\n","stderr":true},"type":"standard_output"}
{"payload":{"local_timestamp":1741336860731,"message_id":312,"output":"\u001b[1;38;5;39mCOMET INFO:\u001b[0m     quad                : False\n","stderr":true},"type":"standard_output"}
{"payload":{"local_timestamp":1741336860732,"message_id":313,"output":"\u001b[1;38;5;39mCOMET INFO:\u001b[0m     rect                : False\n","stderr":true},"type":"standard_output"}
{"payload":{"local_timestamp":1741336860736,"message_id":314,"output":"\u001b[1;38;5;39mCOMET INFO:\u001b[0m     resume              : False\n","stderr":true},"type":"standard_output"}
{"payload":{"local_timestamp":1741336860737,"message_id":315,"output":"\u001b[1;38;5;39mCOMET INFO:\u001b[0m     resume_evolve       : None\n","stderr":true},"type":"standard_output"}
{"payload":{"local_timestamp":1741336860738,"message_id":316,"output":"\u001b[1;38;5;39mCOMET INFO:\u001b[0m     save_dir            : runs\\train\\exp5\n","stderr":true},"type":"standard_output"}
{"payload":{"local_timestamp":1741336860742,"message_id":317,"output":"\u001b[1;38;5;39mCOMET INFO:\u001b[0m     save_period         : -1\n","stderr":true},"type":"standard_output"}
{"payload":{"local_timestamp":1741336860743,"message_id":318,"output":"\u001b[1;38;5;39mCOMET INFO:\u001b[0m     scale               : 0.5\n","stderr":true},"type":"standard_output"}
{"payload":{"local_timestamp":1741336860744,"message_id":319,"output":"\u001b[1;38;5;39mCOMET INFO:\u001b[0m     seed                : 0\n","stderr":true},"type":"standard_output"}
{"payload":{"local_timestamp":1741336860745,"message_id":320,"output":"\u001b[1;38;5;39mCOMET INFO:\u001b[0m     shear               : 0.0\n","stderr":true},"type":"standard_output"}
{"payload":{"local_timestamp":1741336860746,"message_id":321,"output":"\u001b[1;38;5;39mCOMET INFO:\u001b[0m     single_cls          : False\n","stderr":true},"type":"standard_output"}
{"payload":{"local_timestamp":1741336860747,"message_id":322,"output":"\u001b[1;38;5;39mCOMET INFO:\u001b[0m     sync_bn             : False\n","stderr":true},"type":"standard_output"}
{"payload":{"local_timestamp":1741336860747,"message_id":323,"output":"\u001b[1;38;5;39mCOMET INFO:\u001b[0m     translate           : 0.1\n","stderr":true},"type":"standard_output"}
{"payload":{"local_timestamp":1741336860748,"message_id":324,"output":"\u001b[1;38;5;39mCOMET INFO:\u001b[0m     upload_dataset      : False\n","stderr":true},"type":"standard_output"}
{"payload":{"local_timestamp":1741336860749,"message_id":325,"output":"\u001b[1;38;5;39mCOMET INFO:\u001b[0m     val_conf_threshold  : 0.001\n","stderr":true},"type":"standard_output"}
{"payload":{"local_timestamp":1741336860750,"message_id":326,"output":"\u001b[1;38;5;39mCOMET INFO:\u001b[0m     val_iou_threshold   : 0.6\n","stderr":true},"type":"standard_output"}
{"payload":{"local_timestamp":1741336860754,"message_id":327,"output":"\u001b[1;38;5;39mCOMET INFO:\u001b[0m     warmup_bias_lr      : 0.1\n","stderr":true},"type":"standard_output"}
{"payload":{"local_timestamp":1741336860758,"message_id":328,"output":"\u001b[1;38;5;39mCOMET INFO:\u001b[0m     warmup_epochs       : 3.0\n","stderr":true},"type":"standard_output"}
{"payload":{"local_timestamp":1741336860760,"message_id":329,"output":"\u001b[1;38;5;39mCOMET INFO:\u001b[0m     warmup_momentum     : 0.8\n","stderr":true},"type":"standard_output"}
{"payload":{"local_timestamp":1741336860760,"message_id":330,"output":"\u001b[1;38;5;39mCOMET INFO:\u001b[0m     weight_decay        : 0.0005\n","stderr":true},"type":"standard_output"}
{"payload":{"local_timestamp":1741336860761,"message_id":331,"output":"\u001b[1;38;5;39mCOMET INFO:\u001b[0m     workers             : 8\n","stderr":true},"type":"standard_output"}
{"payload":{"local_timestamp":1741336860762,"message_id":332,"output":"\u001b[1;38;5;39mCOMET INFO:\u001b[0m   Uploads:\n","stderr":true},"type":"standard_output"}
{"payload":{"local_timestamp":1741336860762,"message_id":333,"output":"\u001b[1;38;5;39mCOMET INFO:\u001b[0m     asset               : 3 (1.76 KB)\n","stderr":true},"type":"standard_output"}
{"payload":{"local_timestamp":1741336860763,"message_id":334,"output":"\u001b[1;38;5;39mCOMET INFO:\u001b[0m     environment details : 1\n","stderr":true},"type":"standard_output"}
{"payload":{"local_timestamp":1741336860764,"message_id":335,"output":"\u001b[1;38;5;39mCOMET INFO:\u001b[0m     git metadata        : 1\n","stderr":true},"type":"standard_output"}
{"payload":{"local_timestamp":1741336860766,"message_id":336,"output":"\u001b[1;38;5;39mCOMET INFO:\u001b[0m     installed packages  : 1\n","stderr":true},"type":"standard_output"}
{"payload":{"local_timestamp":1741336860766,"message_id":337,"output":"\u001b[1;38;5;39mCOMET INFO:\u001b[0m \n","stderr":true},"type":"standard_output"}
